"","Year","xwOBA_Predictiveness","sa_xwOBA_Predictiveness","xwOBA_Reliability","sa_xwOBA_Reliability"
"1","2021-2022",0.520266480037226,0.538227116350703,0.61569687368893,0.59087975752714
"2","2022-2023",0.500363399830611,0.496765468842487,0.64683865046473,0.6063544127969
